1.619142,-6.434069,1180.957031,1180.957031,1019.042908,1019.042908
1.463231,-6.327635,1092.204468,1092.204468,1107.795532,1107.795532
1.315893,-6.355297,1092.633057,1092.633057,1107.366943,1107.366943
1.170146,-6.440018,1092.712646,1092.712646,1107.287354,1107.287354
1.029273,-6.683693,1092.956299,1092.956299,1107.043701,1107.043701
0.886095,-7.563972,1092.841064,1092.841064,1107.158936,1107.158936
0.732344,-6.769448,1092.312500,1092.312500,1107.687500,1107.687500
0.594473,-6.549375,1093.106445,1093.106445,1106.893555,1106.893555
0.471329,-6.492880,1093.842773,1093.842773,1106.157227,1106.157227
0.345848,-6.488780,1093.725952,1093.725952,1106.274048,1106.274048
0.227689,-6.365530,1094.092041,1094.092041,1105.907959,1105.907959
0.109214,-6.580106,1094.076294,1094.076294,1105.923706,1105.923706
-0.008611,-6.463396,1094.108765,1094.108765,1105.891235,1105.891235
-0.126296,-6.587511,1094.115723,1094.115723,1105.884277,1105.884277
-0.243558,-6.767872,1094.136963,1094.136963,1105.863037,1105.863037
-0.365240,-7.531565,1093.915894,1093.915894,1106.084106,1106.084106
-0.498502,-6.646062,1093.336914,1093.336914,1106.663086,1106.663086
-0.614409,-6.779684,1094.204590,1094.204590,1105.795410,1105.795410
-0.728192,-6.845445,1094.310913,1094.310913,1105.689087,1105.689087
-0.843358,-6.063162,1094.241699,1094.241699,1105.758301,1105.758301
-0.937008,-7.170050,1095.317505,1095.317505,1104.682495,1104.682495
-1.053373,-6.985455,1094.181763,1094.181763,1105.818237,1105.818237
-1.162599,-7.195737,1094.538696,1094.538696,1105.461304,1105.461304
-1.276323,-6.828815,1094.313843,1094.313843,1105.686157,1105.686157
-1.378912,-6.598905,1094.870483,1094.870483,1105.129517,1105.129517
-1.481496,-7.539097,1094.870850,1094.870850,1105.129150,1105.129150
-1.600278,-6.937710,1094.060913,1094.060913,1105.939087,1105.939087
-1.702662,-4.397178,1094.880859,1094.880859,1105.119141,1105.119141
-1.757924,-7.049328,1097.236938,1097.236938,1102.763062,1102.763062
-1.872113,-8.957439,1094.290527,1094.290527,1105.709473,1105.709473
-2.020732,-6.720537,1092.569092,1092.569092,1107.430908,1107.430908
-2.120809,-6.283062,1094.996094,1094.996094,1105.003906,1105.003906
-2.210821,-7.408294,1095.499390,1095.499390,1104.500610,1104.500610
-2.328607,-7.724848,1094.110718,1094.110718,1105.889282,1105.889282
-2.444043,-7.349850,1094.228149,1094.228149,1105.771851,1105.771851
-2.541762,-4.640190,1095.114014,1095.114014,1104.885986,1104.885986
-2.581711,-7.746873,1098.002563,1098.002563,1101.997437,1101.997437
-2.686432,-8.325636,1094.763916,1094.763916,1105.236084,1105.236084
-2.800941,-7.218312,1094.274536,1094.274536,1105.725464,1105.725464
-2.888348,-6.269815,1095.629639,1095.629639,1104.370361,1104.370361
-2.952020,-7.016183,1096.816406,1096.816406,1103.183594,1103.183594
-3.030137,-7.573566,1096.094116,1096.094116,1103.905884,1103.905884
-3.121257,-7.037848,1095.443970,1095.443970,1104.556030,1104.556030
-3.198726,-5.088576,1096.126587,1096.126587,1103.873413,1103.873413
-3.233569,-5.561270,1098.257812,1098.257812,1101.742188,1101.742188
-3.278362,-6.019964,1097.760376,1097.760376,1102.239624,1102.239624
-3.336306,-8.839255,1097.102783,1097.102783,1102.897217,1102.897217
-3.441769,-2.742877,1094.726807,1094.726807,1105.273193,1105.273193
-3.423003,-2.595070,1100.938354,1100.938354,1099.061646,1099.061646
-3.409261,-11.989859,1100.687012,1100.687012,1099.312988,1099.312988
-3.584600,-6.633049,1091.233032,1091.233032,1108.766968,1108.766968
-3.634177,-2.658501,1097.521118,1097.521118,1102.478882,1102.478882
-3.614421,-9.792203,1100.987793,1100.987793,1099.012207,1099.012207
-3.743498,-8.242206,1093.546143,1093.546143,1106.453857,1106.453857
-3.828522,-2.565130,1095.748779,1095.748779,1104.251221,1104.251221
-3.806905,-9.529204,1101.080811,1101.080811,1098.919189,1098.919189
-3.926106,-6.393547,1094.039917,1094.039917,1105.960083,1105.960083
-3.969291,-2.961893,1097.840820,1097.840820,1102.159180,1102.159180
-3.937652,-6.299947,1101.581909,1101.581909,1098.418091,1098.418091
-3.987202,-5.768485,1097.522461,1097.522461,1102.477539,1102.477539
-4.019934,-4.339725,1098.363403,1098.363403,1101.636597,1101.636597
-4.035383,-7.135905,1099.227539,1099.227539,1100.772461,1100.772461
-4.086756,-3.615970,1097.431396,1097.431396,1102.568604,1102.568604
-4.079701,-10.254493,1100.352783,1100.352783,1099.647217,1099.647217
-4.195447,-3.699010,1094.212646,1094.212646,1105.787354,1105.787354
-4.174689,-3.341523,1101.037964,1101.037964,1098.962036,1098.962036
-4.159608,-10.996747,1100.754028,1100.754028,1099.245972,1099.245972
-4.282255,-2.523301,1093.867676,1093.867676,1106.132324,1106.132324
-4.215535,-10.489251,1103.335938,1103.335938,1096.664062,1096.664062
-4.329310,-6.915113,1094.311279,1094.311279,1105.688721,1105.688721
-4.352934,-5.418347,1098.818848,1098.818848,1101.181152,1101.181152
-4.359365,-10.729242,1099.678467,1099.678467,1100.321533,1100.321533
-4.447127,-2.128951,1095.611938,1095.611938,1104.388062,1104.388062
-4.379362,-10.759480,1103.388306,1103.388306,1096.611694,1096.611694
-4.479228,-0.679214,1095.006714,1095.006714,1104.993286,1104.993286
-4.376609,-11.833639,1105.130981,1105.130981,1094.869019,1094.869019
-4.511860,-7.821604,1093.237427,1093.237427,1106.762573,1106.762573
-4.540365,-4.659640,1098.574707,1098.574707,1101.425293,1101.425293
-4.533358,-10.102165,1100.350342,1100.350342,1099.649658,1099.649658
-4.606821,-1.832686,1096.326904,1096.326904,1103.673096,1103.673096
-4.537737,-10.014197,1103.454102,1103.454102,1096.545898,1096.545898
-4.626696,-4.518261,1095.552002,1095.552002,1104.447998,1104.447998
-4.609881,-7.200468,1100.840698,1100.840698,1099.159302,1099.159302
-4.665108,-9.364880,1097.238647,1097.238647,1102.761353,1102.761353
-4.752771,-5.087083,1095.616821,1095.616821,1104.383179,1104.383179
-4.766762,-9.039524,1099.300415,1099.300415,1100.699585,1100.699585
-4.852344,-4.973197,1095.720947,1095.720947,1104.279053,1104.279053
-4.860875,-8.941337,1099.573486,1099.573486,1100.426514,1100.426514
-4.943960,-6.503525,1095.845703,1095.845703,1104.154297,1104.154297
-4.971553,-4.215477,1098.620361,1098.620361,1101.379639,1101.379639
-4.959484,-9.814631,1100.603516,1100.603516,1099.396484,1099.396484
-5.044504,-5.271081,1095.749023,1095.749023,1104.250977,1104.250977
-5.056817,-9.388545,1099.384399,1099.384399,1100.615601,1100.615601
-5.133393,-4.896410,1096.171143,1096.171143,1103.828857,1103.828857
-5.135231,-8.339919,1099.908081,1099.908081,1100.091919,1100.091919
-5.195512,-4.587725,1096.985962,1096.985962,1103.014038,1103.014038
-5.185306,-8.462069,1100.510376,1100.510376,1099.489624,1099.489624
-5.257321,-8.578943,1096.399292,1096.399292,1103.600708,1103.600708
-5.327361,-5.330766,1096.498047,1096.498047,1103.501953,1103.501953
-5.337452,-9.662449,1099.495361,1099.495361,1100.504639,1100.504639
-5.428307,-5.645846,1095.457275,1095.457275,1104.542725,1104.542725
-5.442801,-8.415290,1099.275269,1099.275269,1100.724731,1100.724731
-5.505216,-5.402629,1096.879272,1096.879272,1103.120728,1103.120728
-5.508505,-7.946468,1099.835571,1099.835571,1100.164429,1100.164429
-5.557823,-6.282097,1097.534058,1097.534058,1102.465942,1102.465942
-5.562562,-5.113555,1099.763062,1099.763062,1100.236938,1100.236938
-5.553709,-8.763910,1100.442749,1100.442749,1099.557251,1099.557251
-5.602154,-3.348969,1097.577759,1097.577759,1102.422241,1102.422241
-5.553020,-9.616312,1102.456665,1102.456665,1097.543335,1097.543335
-5.626721,-4.787431,1096.314941,1096.314941,1103.685059,1103.685059
-5.597210,-7.539131,1101.475586,1101.475586,1098.524414,1098.524414
-5.633858,-5.431190,1098.167603,1098.167603,1101.832397,1101.832397
-5.637004,-2.854716,1099.842651,1099.842651,1100.157349,1100.157349
-5.578482,-7.227441,1102.926147,1102.926147,1097.073853,1097.073853
-5.607504,-4.810152,1098.548828,1098.548828,1101.451172,1101.451172
-5.595316,-6.335785,1100.609375,1100.609375,1099.390625,1099.390625
-5.609491,-6.154572,1099.291260,1099.291260,1100.708740,1100.708740
-5.649556,-6.915600,1097.996704,1097.996704,1102.003296,1102.003296
-5.679321,-5.648880,1098.511719,1098.511719,1101.488281,1101.488281
-5.687330,-8.815254,1099.599609,1099.599609,1100.400391,1100.400391
-5.753243,-4.679966,1096.704346,1096.704346,1103.295654,1103.295654
-5.739022,-7.972642,1100.711060,1100.711060,1099.288940,1099.288940
-5.785474,-5.756851,1097.677368,1097.677368,1102.322632,1102.322632
-5.796721,-8.339307,1099.437622,1099.437622,1100.562378,1100.562378
-5.848019,-4.861301,1097.435059,1097.435059,1102.564941,1102.564941
-5.837610,-8.194732,1100.520386,1100.520386,1099.479614,1099.479614
-5.886479,-6.230937,1097.556519,1097.556519,1102.443481,1102.443481
-5.891243,-7.789493,1099.761841,1099.761841,1100.238159,1100.238159
-5.936139,-9.067850,1097.755249,1097.755249,1102.244751,1102.244751
-5.988636,-5.385987,1097.375122,1097.375122,1102.624878,1102.624878
-5.979434,-10.202759,1100.460083,1100.460083,1099.539917,1099.539917
-6.050351,-4.724027,1096.454102,1096.454102,1103.545898,1103.545898
-6.019501,-10.556804,1101.542480,1101.542480,1098.457520,1098.457520
-6.100629,-5.651980,1095.943604,1095.943604,1104.056396,1104.056396
-6.099333,-6.870200,1100.064819,1100.064819,1099.935181,1099.935181
-6.115159,-7.417277,1099.208740,1099.208740,1100.791260,1100.791260
-6.131470,-5.909642,1099.184448,1099.184448,1100.815552,1100.815552
-6.130671,-10.672911,1100.039917,1100.039917,1099.960083,1099.960083
-6.211692,-4.543510,1095.948975,1095.948975,1104.051025,1104.051025
-6.178270,-10.450015,1101.671143,1101.671143,1098.328857,1098.328857
-6.260678,-1.860223,1095.879639,1095.879639,1104.120361,1104.120361
-6.166765,-6.171153,1104.695679,1104.695679,1095.304321,1095.304321
-6.177682,-6.515117,1099.454224,1099.454224,1100.545776,1100.545776
-6.182208,-4.370687,1099.773682,1099.773682,1100.226318,1100.226318
-6.164729,-10.812439,1100.873901,1100.873901,1099.126099,1099.126099
-6.256713,-3.397237,1095.400757,1095.400757,1104.599243,1104.599243
-6.211711,-9.543659,1102.250122,1102.250122,1097.749878,1097.749878
-6.301003,-4.809645,1095.535400,1095.535400,1104.464600,1104.464600
-6.270618,-7.967531,1101.519287,1101.519287,1098.480713,1098.480713
-6.320620,-7.992617,1097.499878,1097.499878,1102.500122,1102.500122
-6.345668,-4.804589,1098.747559,1098.747559,1101.252441,1101.252441
-6.331167,-12.026735,1100.725098,1100.725098,1099.274902,1099.274902
-6.454581,-4.069206,1093.829346,1093.829346,1106.170654,1106.170654
-6.410755,-10.217667,1102.191284,1102.191284,1097.808716,1097.808716
-6.480669,-2.944776,1096.504272,1096.504272,1103.495728,1103.495728
-6.404486,-8.886477,1103.809204,1103.809204,1096.190796,1096.190796
-6.457987,-5.226679,1097.324951,1097.324951,1102.675049,1102.675049
-6.425531,-7.917285,1101.622803,1101.622803,1098.377197,1098.377197
-6.455871,-7.015501,1098.483032,1098.483032,1101.516968,1101.516968
-6.456367,-5.974552,1099.975220,1099.975220,1100.024780,1100.024780
-6.477636,-9.949303,1098.936523,1098.936523,1101.063477,1101.063477
-6.538682,-3.992835,1096.947754,1096.947754,1103.052246,1103.052246
-6.500959,-11.213511,1101.886108,1101.886108,1098.113892,1098.113892
-6.591294,-4.150445,1095.483276,1095.483276,1104.516724,1104.516724
-6.548975,-9.889191,1102.115967,1102.115967,1097.884033,1097.884033
-6.620975,-6.208111,1096.400024,1096.400024,1103.599976,1103.599976
-6.610538,-8.009192,1100.521851,1100.521851,1099.478149,1099.478149
-6.646595,-7.751689,1098.197144,1098.197144,1101.802856,1101.802856
-6.663051,-4.462410,1099.177246,1099.177246,1100.822754,1100.822754
-6.626993,-8.696644,1101.802856,1101.802856,1098.197144,1098.197144
-6.665551,-3.961031,1098.072021,1098.072021,1101.927979,1101.927979
-6.620009,-7.879622,1102.277100,1102.277100,1097.722900,1097.722900
-6.650025,-7.226203,1098.499268,1098.499268,1101.500732,1101.500732
-6.663699,-7.416541,1099.316284,1099.316284,1100.683716,1100.683716
-6.685713,-8.669429,1098.899292,1098.899292,1101.100708,1101.100708
-6.724038,-3.266685,1098.083740,1098.083740,1101.916260,1101.916260
-6.666686,-7.125975,1102.867554,1102.867554,1097.132446,1097.132446
-6.676613,-5.126000,1099.503662,1099.503662,1100.496338,1100.496338
-6.651667,-6.497193,1101.247314,1101.247314,1098.752686,1098.752686
-6.652828,-5.243652,1099.942017,1099.942017,1100.057983,1100.057983
-6.630754,-6.545939,1101.103760,1101.103760,1098.896240,1098.896240
-6.633645,-8.118011,1099.855469,1099.855469,1100.144531,1100.144531
-6.671518,-7.138318,1098.106323,1098.106323,1101.893677,1101.893677
-6.681226,-6.491321,1099.514648,1099.514648,1100.485352,1100.485352
-6.689899,-6.903286,1099.566284,1099.566284,1100.433716,1100.433716
-6.695328,-6.058656,1099.728516,1099.728516,1100.271484,1100.271484
-6.696766,-7.445265,1099.928101,1099.928101,1100.071899,1100.071899
-6.719622,-6.525519,1098.857178,1098.857178,1101.142822,1101.142822
-6.722147,-6.663777,1099.873779,1099.873779,1100.126221,1100.126221
-6.732302,-5.362360,1099.492310,1099.492310,1100.507690,1100.507690
-6.709523,-7.986365,1101.138916,1101.138916,1098.861084,1098.861084
-6.750935,-8.839572,1097.929443,1097.929443,1102.070557,1102.070557
-6.795743,-7.227932,1097.759521,1097.759521,1102.240479,1102.240479
-6.816404,-9.039886,1098.966919,1098.966919,1101.033081,1101.033081
-6.869743,-4.340655,1097.333008,1097.333008,1102.666992,1102.666992
-6.819657,-7.563707,1102.504272,1102.504272,1097.495728,1097.495728
-6.853220,-4.695879,1098.321899,1098.321899,1101.678101,1101.678101
-6.811084,-5.558076,1102.106812,1102.106812,1097.893188,1097.893188
-6.805982,-6.223949,1100.255127,1100.255127,1099.744873,1099.744873
-6.797597,-4.284458,1100.419312,1100.419312,1099.580688,1099.580688
-6.774690,-10.837408,1101.145386,1101.145386,1098.854614,1098.854614
-6.866931,-5.441987,1095.387939,1095.387939,1104.612061,1104.612061
-6.862005,-10.016646,1100.246338,1100.246338,1099.753662,1099.753662
-6.957870,-5.880843,1095.206787,1095.206787,1104.793213,1104.793213
-6.964492,-10.053753,1099.668945,1099.668945,1100.331055,1100.331055
-7.063549,-7.328314,1095.047119,1095.047119,1104.952881,1104.952881
-7.099075,-6.917996,1098.223755,1098.223755,1101.776245,1101.776245
-7.142521,-8.114305,1097.827637,1097.827637,1102.172363,1102.172363
-7.185984,-6.944512,1097.826904,1097.826904,1102.173096,1102.173096
-7.225274,-9.920584,1098.035522,1098.035522,1101.964478,1101.964478
-7.302045,-4.192147,1096.161377,1096.161377,1103.838623,1103.838623
-7.276638,-11.738853,1101.270386,1101.270386,1098.729614,1098.729614
-7.396781,-7.599216,1093.992798,1093.992798,1106.007202,1106.007202
-7.432337,-10.166324,1098.222168,1098.222168,1101.777832,1101.777832
-7.517242,-6.227528,1095.754761,1095.754761,1104.245239,1104.245239
-7.525736,-10.650479,1099.575317,1099.575317,1100.424683,1100.424683
-7.619957,-7.403910,1095.288940,1095.288940,1104.711060,1104.711060
-7.662646,-11.081982,1097.865601,1097.865601,1102.134399,1102.134399
-7.762460,-6.071763,1095.009277,1095.009277,1104.990723,1104.990723
-7.768602,-10.861108,1099.692871,1099.692871,1100.307129,1100.307129
-7.870216,-7.591576,1094.919312,1094.919312,1105.080688,1105.080688
-7.912460,-10.779001,1097.887817,1097.887817,1102.112183,1102.112183
-8.011466,-5.879903,1095.049683,1095.049683,1104.950317,1104.950317
-8.001199,-10.418939,1100.513306,1100.513306,1099.486694,1099.486694
-8.098851,-6.686480,1095.117432,1095.117432,1104.882568,1104.882568
-8.118963,-8.730402,1098.994385,1098.994385,1101.005615,1101.005615
-8.180636,-7.529829,1096.916382,1096.916382,1103.083618,1103.083618
-8.216613,-10.600536,1098.201172,1098.201172,1101.798828,1101.798828
-8.330972,-8.682125,1094.282104,1094.282104,1105.717896,1105.717896
-8.373048,-5.337894,1097.896240,1097.896240,1102.103760,1102.103760
-8.375142,-11.184497,1099.895264,1099.895264,1100.104736,1100.104736
-8.461731,-6.351197,1095.670532,1095.670532,1104.329468,1104.329468
-8.465494,-10.948901,1099.811890,1099.811890,1100.188110,1100.188110
-8.537991,-6.042000,1096.375122,1096.375122,1103.624878,1103.624878
-8.521074,-13.048284,1100.845825,1100.845825,1099.154175,1099.154175
-8.629642,-6.535704,1094.571533,1094.571533,1105.428467,1105.428467
-8.609886,-10.978751,1100.987793,1100.987793,1099.012207,1099.012207
-8.673197,-5.166644,1096.834473,1096.834473,1103.165527,1103.165527
-8.609718,-9.204806,1103.173950,1103.173950,1096.826050,1096.826050
-8.633463,-8.446221,1098.812744,1098.812744,1101.187256,1101.187256
-8.626547,-9.336414,1100.345825,1100.345825,1099.654175,1099.654175
-8.648368,-8.112709,1098.908936,1098.908936,1101.091064,1101.091064
-8.621114,-6.378371,1101.362671,1101.362671,1098.637329,1098.637329
-8.575557,-9.254081,1102.277832,1102.277832,1097.722168,1097.722168
-8.564863,-6.168718,1100.534668,1100.534668,1099.465332,1099.465332
-8.512046,-11.515343,1102.640869,1102.640869,1097.359131,1097.359131
-8.553629,-7.183300,1097.920898,1097.920898,1102.079102,1102.079102
-8.518969,-9.505369,1101.733032,1101.733032,1098.266968,1098.266968
-8.533216,-8.091957,1099.287598,1099.287598,1100.712402,1100.712402
-8.520970,-9.268678,1100.612305,1100.612305,1099.387695,1099.387695
-8.537414,-9.863219,1099.177856,1099.177856,1100.822144,1100.822144
-8.559067,-9.526637,1098.917358,1098.917358,1101.082642,1101.082642
-8.582479,-11.426848,1098.829346,1098.829346,1101.170654,1101.170654
-8.641927,-6.848045,1097.027588,1097.027588,1102.972412,1102.972412
-8.613632,-11.430487,1101.414673,1101.414673,1098.585327,1098.585327
-8.683484,-8.958579,1096.507446,1096.507446,1103.492554,1103.492554
-8.694838,-11.040057,1099.432373,1099.432373,1100.567627,1100.567627
-8.747265,-6.574177,1097.378662,1097.378662,1102.621338,1102.621338
-8.699801,-11.274134,1102.373169,1102.373169,1097.626831,1097.626831
-8.754543,-8.161204,1097.262939,1097.262939,1102.737061,1102.737061
-8.722889,-11.182977,1101.582764,1101.582764,1098.417236,1098.417236
-8.766745,-12.011811,1097.807251,1097.807251,1102.192749,1102.192749
-8.789982,-6.971798,1098.838135,1098.838135,1101.161865,1101.161865
-8.734321,-13.477735,1102.783081,1102.783081,1097.216919,1097.216919
-8.770761,-7.667391,1098.177979,1098.177979,1101.822021,1101.822021
-8.706250,-14.115792,1103.225586,1103.225586,1096.774414,1096.774414
-8.743474,-7.252032,1098.138794,1098.138794,1101.861206,1101.861206
-8.663131,-15.816335,1104.017212,1104.017212,1095.982788,1095.982788
-8.723084,-5.655629,1097.002319,1097.002319,1102.997681,1102.997681
-8.591392,-12.462335,1106.584595,1106.584595,1093.415405,1093.415405
-8.590353,-6.100441,1100.051880,1100.051880,1099.948120,1099.948120
-8.453004,-12.483327,1106.867432,1106.867432,1093.132568,1093.132568
-8.451869,-7.987439,1100.056763,1100.056763,1099.943237,1099.943237
-8.336020,-9.418874,1105.792480,1105.792480,1094.207520,1094.207520
-8.272976,-10.711255,1103.152222,1103.152222,1096.847778,1096.847778
-8.212596,-7.853189,1103.019043,1103.019043,1096.980957,1096.980957
-8.024992,-7.093900,1109.380249,1109.380249,1090.619751,1090.619751
-7.854939,-8.714891,1108.502686,1108.502686,1091.497314,1091.497314
-7.713427,-8.840867,1107.075562,1107.075562,1092.924438,1092.924438
-7.543280,-9.445270,1108.507324,1108.507324,1091.492676,1091.492676
-7.399335,-8.559118,1107.197266,1107.197266,1092.802734,1092.802734
-7.196329,-7.300088,1110.150391,1110.150391,1089.849609,1089.849609
-6.988242,-10.117481,1110.404297,1110.404297,1089.595703,1089.595703
-6.794307,-9.969264,1109.696777,1109.696777,1090.303223,1090.303223
-6.620330,-7.332120,1108.698853,1108.698853,1091.301147,1091.301147
-6.372710,-9.607241,1112.380981,1112.380981,1087.619019,1087.619019
-6.178485,-4.534658,1109.711182,1109.711182,1090.288818,1090.288818
-5.885567,-12.591981,1114.645874,1114.645874,1085.354126,1085.354126
-5.777911,-1.922728,1105.382812,1105.382812,1094.617188,1094.617188
-5.417452,-8.694750,1118.022949,1118.022949,1081.977051,1081.977051
-5.230695,-1.651223,1109.337891,1109.337891,1090.662109,1090.662109
-4.907307,-5.919416,1116.169434,1116.169434,1083.830566,1083.830566
-4.704373,-5.797453,1110.146729,1110.146729,1089.853271,1089.853271
-4.444940,-2.035703,1112.971680,1112.971680,1087.028320,1087.028320
-4.167296,-5.596355,1113.882202,1113.882202,1086.117798,1086.117798
-3.885528,-1.724612,1114.088379,1114.088379,1085.911621,1085.911621
-3.607970,-4.816353,1113.877930,1113.877930,1086.122070,1086.122070
-3.383387,0.573102,1111.229126,1111.229126,1088.770874,1088.770874
-3.048533,-1.316445,1116.742676,1116.742676,1083.257324,1083.257324
-2.753671,-3.385726,1114.743042,1114.743042,1085.256958,1085.256958
-2.524803,-1.460410,1111.443359,1111.443359,1088.556641,1088.556641
-2.205133,1.571290,1115.983521,1115.983521,1084.016479,1084.016479
-1.848012,-3.166365,1117.856079,1117.856079,1082.143921,1082.143921
-1.629051,3.800545,1110.947998,1110.947998,1089.052002,1089.052002
-1.238743,-4.455780,1119.515381,1119.515381,1080.484619,1080.484619
-1.060048,-0.509142,1108.934814,1108.934814,1091.065186,1091.065186
-0.739562,1.407716,1116.024292,1116.024292,1083.975708,1083.975708
-0.442777,-1.621051,1114.839233,1114.839233,1085.160767,1085.160767
-0.193012,4.289338,1112.488281,1112.488281,1087.511719,1087.511719
0.171425,-2.009379,1118.221802,1118.221802,1081.778198,1081.778198
0.368466,2.500912,1109.852051,1109.852051,1090.147949,1090.147949
0.693733,3.431256,1116.263428,1116.263428,1083.736572,1083.736572
1.020292,3.408231,1116.327881,1116.327881,1083.672119,1083.672119
1.313579,0.781162,1114.664307,1114.664307,1085.335693,1085.335693
1.539579,6.291428,1111.300049,1111.300049,1088.699951,1088.699951
1.947514,2.195185,1120.396729,1120.396729,1079.603271,1079.603271
2.167425,3.780364,1110.995605,1110.995605,1089.004395,1089.004395
2.464557,5.352331,1114.856567,1114.856567,1085.143433,1085.143433
2.733386,0.062827,1113.441406,1113.441406,1086.558594,1086.558594
2.934578,4.660000,1110.059570,1110.059570,1089.940430,1089.940430
3.218938,-0.261528,1114.218018,1114.218018,1085.781982,1085.781982
3.405590,-1.021521,1109.332642,1109.332642,1090.667358,1090.667358
3.598685,2.088498,1109.654785,1109.654785,1090.345215,1090.345215
3.834188,1.653777,1111.775146,1111.775146,1088.224854,1088.224854
4.075132,2.863653,1112.047241,1112.047241,1087.952759,1087.952759
4.370971,3.678983,1114.791992,1114.791992,1085.208008,1085.208008
4.625247,5.182855,1112.713745,1112.713745,1087.286255,1087.286255
4.956382,1.492633,1116.556763,1116.556763,1083.443237,1083.443237
5.200613,4.903533,1112.211548,1112.211548,1087.788452,1087.788452
5.531311,1.487475,1116.534912,1116.534912,1083.465088,1083.465088
5.752952,2.402049,1111.082031,1111.082031,1088.917969,1088.917969
5.986265,8.047034,1111.665649,1111.665649,1088.334351,1088.334351
6.326854,1.697352,1117.029419,1117.029419,1082.970581,1082.970581
6.518772,8.877652,1109.595947,1109.595947,1090.404053,1090.404053
6.951613,6.209538,1121.642090,1121.642090,1078.357910,1078.357910
7.157696,3.043596,1110.304199,1110.304199,1089.695801,1089.695801
7.354554,11.090711,1109.842896,1109.842896,1090.157104,1090.157104
7.693928,5.323096,1116.968750,1116.968750,1083.031250,1083.031250
7.877538,10.314002,1109.180542,1109.180542,1090.819458,1090.819458
8.158088,9.215926,1114.027466,1114.027466,1085.972534,1085.972534
8.411939,8.046272,1112.692505,1112.692505,1087.307495,1087.307495
8.639042,8.836941,1111.355103,1111.355103,1088.644897,1088.644897
8.895758,9.340690,1112.835815,1112.835815,1087.164185,1087.164185
9.114555,7.539986,1110.939941,1110.939941,1089.060059,1089.060059
9.302559,11.275202,1109.400146,1109.400146,1090.599854,1090.599854
9.570337,11.129740,1113.388916,1113.388916,1086.611084,1086.611084
9.818244,5.997964,1112.395386,1112.395386,1087.604614,1087.604614
9.952870,13.925941,1106.731323,1106.731323,1093.268677,1093.268677
10.279648,10.165713,1116.338867,1116.338867,1083.661133,1083.661133
10.498195,11.462957,1110.927368,1110.927368,1089.072632,1089.072632
10.736859,8.836615,1111.933228,1111.933228,1088.066772,1088.066772
10.949262,12.694263,1110.620117,1110.620117,1089.379883,1089.379883
11.208420,8.074239,1112.957886,1112.957886,1087.042114,1087.042114
11.380227,13.222509,1108.590332,1108.590332,1091.409668,1091.409668
11.749194,11.982707,1118.448364,1118.448364,1081.551636,1081.551636
12.014005,11.328831,1113.240479,1113.240479,1086.759521,1086.759521
12.272366,14.963635,1112.918091,1112.918091,1087.081909,1087.081909
12.590778,9.193000,1115.920654,1115.920654,1084.079346,1084.079346
12.812358,16.539518,1111.078979,1111.078979,1088.921021,1088.921021
13.185610,11.283516,1118.662598,1118.662598,1081.337402,1081.337402
13.396435,14.034095,1110.541260,1110.541260,1089.458740,1089.458740
13.717321,16.681433,1116.044312,1116.044312,1083.955688,1083.955688
14.034711,13.008689,1115.869507,1115.869507,1084.130493,1084.130493
14.369834,18.784431,1116.756104,1116.756104,1083.243896,1083.243896
14.725490,9.564002,1117.782837,1117.782837,1082.217163,1082.217163
14.929557,18.740553,1110.203369,1110.203369,1089.796631,1089.796631
15.287611,16.346390,1117.902710,1117.902710,1082.097290,1082.097290
15.609776,17.285082,1116.108276,1116.108276,1083.891724,1083.891724
15.958307,16.207932,1117.426514,1117.426514,1082.573486,1082.573486
16.271421,12.061153,1115.655762,1115.655762,1084.344238,1084.344238
16.563437,19.004194,1114.600708,1114.600708,1085.399292,1085.399292
16.972647,11.355220,1120.460449,1120.460449,1079.539551,1079.539551
17.214544,21.904236,1112.094849,1112.094849,1087.905151,1087.905151
17.766434,17.013269,1127.594482,1127.594482,1072.405518,1072.405518
18.066402,20.555809,1114.998413,1114.998413,1085.001587,1085.001587
18.390219,20.485336,1116.190796,1116.190796,1083.809204,1083.809204
18.718130,19.540194,1116.395508,1116.395508,1083.604492,1083.604492
18.973831,21.159824,1112.785034,1112.785034,1087.214966,1087.214966
19.272339,17.673285,1114.925415,1114.925415,1085.074585,1085.074585
19.534332,19.114861,1113.099609,1113.099609,1086.900391,1086.900391
19.784588,16.520653,1112.512817,1112.512817,1087.487183,1087.487183
19.995777,20.658310,1110.559448,1110.559448,1089.440552,1089.440552
20.258078,18.207054,1113.114990,1113.114990,1086.885010,1086.885010
20.481911,16.419624,1111.191650,1111.191650,1088.808350,1088.808350
20.678310,24.603437,1109.819946,1109.819946,1090.180054,1090.180054
21.068775,23.802217,1119.523193,1119.523193,1080.476807,1080.476807
21.428751,12.248309,1117.998779,1117.998779,1082.001221,1082.001221
21.534992,23.492821,1105.312012,1105.312012,1094.687988,1094.687988
21.922964,23.772217,1119.398560,1119.398560,1080.601440,1080.601440
22.244730,21.033625,1116.088257,1116.088257,1083.911743,1083.911743
22.543547,28.108452,1114.940796,1114.940796,1085.059204,1085.059204
22.895880,23.653839,1117.616699,1117.616699,1082.383301,1082.383301
23.238144,22.758375,1117.113159,1117.113159,1082.886841,1082.886841
23.461479,26.020319,1111.166748,1111.166748,1088.833252,1088.833252
23.745464,20.830584,1114.199219,1114.199219,1085.800781,1085.800781
23.940466,26.119200,1109.750122,1109.750122,1090.249878,1090.249878
24.183451,26.724621,1112.149292,1112.149292,1087.850708,1087.850708
24.446135,21.480257,1113.134155,1113.134155,1086.865845,1086.865845
24.639416,27.602556,1109.664062,1109.664062,1090.335938,1090.335938
24.888285,25.237026,1112.443481,1112.443481,1087.556519,1087.556519
25.133097,23.447609,1112.240601,1112.240601,1087.759399,1087.759399
25.270700,25.829660,1106.880127,1106.880127,1093.119873,1093.119873
25.519789,27.647875,1112.454468,1112.454468,1087.545532,1087.545532
25.749512,25.461214,1111.486206,1111.486206,1088.513794,1088.513794
25.986731,19.245872,1111.860962,1111.860962,1088.139038,1088.139038
26.052324,28.480738,1103.279663,1103.279663,1096.720337,1096.720337
26.364880,29.439320,1115.627808,1115.627808,1084.372192,1084.372192
26.580263,25.975840,1110.769165,1110.769165,1089.230835,1089.230835
26.749184,32.945053,1108.446045,1108.446045,1091.553955,1091.553955
27.053368,30.632133,1115.209229,1115.209229,1084.790771,1084.790771
27.244804,26.764194,1109.571777,1109.571777,1090.428223,1090.428223
27.383167,30.773279,1106.918091,1106.918091,1093.081909,1093.081909
27.548546,30.723963,1108.268921,1108.268921,1091.731079,1091.731079
27.763418,29.548901,1110.743652,1110.743652,1089.256348,1089.256348
27.863386,28.500879,1104.998413,1104.998413,1095.001587,1095.001587
27.950294,24.834991,1104.345459,1104.345459,1095.654541,1095.654541
27.938080,29.056303,1099.389282,1099.389282,1100.610718,1100.610718
28.024336,30.957962,1104.312744,1104.312744,1095.687256,1095.687256
28.115370,23.261345,1104.551758,1104.551758,1095.448242,1095.448242
28.074512,31.719183,1097.957153,1097.957153,1102.042847,1102.042847
28.176510,26.294786,1105.099854,1105.099854,1094.900146,1094.900146
28.185707,27.891026,1100.459839,1100.459839,1099.540161,1099.540161
28.209063,30.904819,1101.167725,1101.167725,1098.832275,1098.832275
28.303804,25.966110,1104.737061,1104.737061,1095.262939,1095.262939
28.275822,25.430939,1098.600830,1098.600830,1101.399170,1101.399170
28.255117,28.299194,1098.964844,1098.964844,1101.035156,1101.035156
28.280470,23.154675,1101.267578,1101.267578,1098.732422,1098.732422
28.196238,29.650312,1095.788330,1095.788330,1104.211670,1104.211670
28.226591,26.056734,1101.517700,1101.517700,1098.482300,1098.482300
28.161318,28.862179,1096.736328,1096.736328,1103.263672,1103.263672
28.161699,28.385815,1100.019043,1100.019043,1099.980957,1099.980957
28.114054,24.607296,1097.617676,1097.617676,1102.382324,1102.382324
27.996838,30.936024,1094.139160,1094.139160,1105.860840,1105.860840
27.951002,28.177689,1097.708252,1097.708252,1102.291748,1102.291748
27.864544,31.529539,1095.677124,1095.677124,1104.322876,1104.322876
27.803555,27.599079,1096.950562,1096.950562,1103.049438,1103.049438
27.678345,30.042488,1093.739502,1093.739502,1106.260498,1106.260498
27.520178,28.368677,1092.091675,1092.091675,1107.908325,1107.908325
27.385071,31.549274,1093.244629,1093.244629,1106.755371,1106.755371
27.194719,29.047028,1090.482422,1090.482422,1109.517578,1109.517578
27.002714,31.239325,1090.399780,1090.399780,1109.600220,1109.600220
26.753025,30.621933,1087.515503,1087.515503,1112.484497,1112.484497
26.536634,31.088743,1089.180420,1089.180420,1110.819580,1110.819580
26.222374,29.898596,1084.286987,1084.286987,1115.713013,1115.713013
25.949011,29.069099,1086.331787,1086.331787,1113.668213,1113.668213
25.533089,32.351818,1079.203857,1079.203857,1120.796143,1120.796143
25.267344,29.119606,1086.712769,1086.712769,1113.287231,1113.287231
24.780140,30.064072,1075.639771,1075.639771,1124.360229,1124.360229
24.413000,29.410542,1081.643066,1081.643066,1118.356934,1118.356934
23.883308,27.068169,1073.515381,1073.515381,1126.484619,1126.484619
23.446623,26.855080,1078.165771,1078.165771,1121.834229,1121.834229
22.807642,26.040464,1068.050903,1068.050903,1131.949097,1131.949097
22.326937,24.149178,1075.964722,1075.964722,1124.035278,1124.035278
21.629429,28.063454,1065.124634,1065.124634,1134.875366,1134.875366
20.865473,20.881086,1061.802246,1061.802246,1138.197754,1138.197754
20.294346,25.347450,1071.443604,1071.443604,1128.556396,1128.556396
19.554466,17.793097,1063.005981,1063.005981,1136.994019,1136.994019
18.909922,21.037117,1067.772827,1067.772827,1132.227173,1132.227173
18.087976,15.984373,1058.902710,1058.902710,1141.097290,1141.097290
17.413555,17.849993,1066.278931,1066.278931,1133.721069,1133.721069
16.513798,12.610506,1055.012085,1055.012085,1144.987915,1144.987915
15.759687,14.358270,1062.294434,1062.294434,1137.705566,1137.705566
14.858125,16.823544,1054.921875,1054.921875,1145.078125,1145.078125
14.193946,10.272110,1066.791016,1066.791016,1133.208984,1133.208984
13.185389,12.959996,1049.572144,1049.572144,1150.427856,1150.427856
12.419688,6.323201,1061.714966,1061.714966,1138.285034,1138.285034
11.328135,7.532694,1045.422363,1045.422363,1154.577637,1154.577637
10.496013,4.683739,1058.393799,1058.393799,1141.606201,1141.606201
9.401500,0.931415,1045.274414,1045.274414,1154.725586,1154.725586
8.516581,2.627593,1055.754028,1055.754028,1144.245972,1144.245972
7.443176,-0.252033,1046.329834,1046.329834,1153.670166,1153.670166
6.545208,-4.222155,1055.101562,1055.101562,1144.898438,1144.898438
5.378277,-0.010689,1041.653442,1041.653442,1158.346558,1158.346558
4.511143,-2.147288,1056.643311,1056.643311,1143.356689,1143.356689
3.438066,-7.550911,1046.346069,1046.346069,1153.653931,1153.653931
2.086258,-1.169127,1032.409668,1032.409668,1167.590332,1167.590332
1.312452,-0.767853,1061.309692,1061.309692,1138.690308,1138.690308
0.347921,-3.502714,1051.773438,1051.773438,1148.226562,1148.226562
-0.419574,-5.776184,1061.625244,1061.625244,1138.374756,1138.374756
-1.447725,0.128457,1048.592407,1048.592407,1151.407593,1151.407593
-2.121858,-6.593454,1066.293335,1066.293335,1133.706665,1133.706665
-3.142072,-10.272461,1048.989258,1048.989258,1151.010742,1151.010742
-3.928146,-0.370927,1060.696289,1060.696289,1139.303711,1139.303711
-4.570568,-9.565533,1067.878906,1067.878906,1132.121094,1132.121094
-5.482282,-11.765873,1054.414307,1054.414307,1145.585693,1145.585693
-6.175581,2.961387,1065.335083,1065.335083,1134.664917,1134.664917
-6.697989,-1.763877,1073.879639,1073.879639,1126.120361,1126.120361
-7.932268,-8.019719,1038.286011,1038.286011,1161.713989,1161.713989
-8.575312,5.665952,1067.847778,1067.847778,1132.152222,1132.152222
-8.818236,-17.417698,1087.853760,1087.853760,1112.146240,1112.146240
-9.434263,3.981655,1069.198608,1069.198608,1130.801392,1130.801392
-9.633923,-14.559564,1090.017090,1090.017090,1109.982910,1109.982910
-10.280466,-11.420964,1067.672852,1067.672852,1132.327148,1132.327148
-10.736254,7.385930,1077.210571,1077.210571,1122.789429,1122.789429
-11.420974,0.678594,1065.764038,1065.764038,1134.235962,1134.235962
-11.453935,-6.424492,1098.351929,1098.351929,1101.648071,1101.648071
-11.687390,-4.863914,1088.327271,1088.327271,1111.672729,1111.672729
-11.964640,-11.167216,1086.137573,1086.137573,1113.862427,1113.862427
-12.238571,-6.539847,1086.303467,1086.303467,1113.696533,1113.696533
-12.318700,-9.397065,1095.993530,1095.993530,1104.006470,1104.006470
-12.512093,-16.428259,1090.330322,1090.330322,1109.669678,1109.669678
-12.745820,-14.642177,1088.313599,1088.313599,1111.686401,1111.686401
-13.007291,-14.071096,1086.926514,1086.926514,1113.073486,1113.073486
-13.171026,-18.233561,1091.813232,1091.813232,1108.186768,1108.186768
-13.425426,-14.893093,1087.280029,1087.280029,1112.719971,1112.719971
-13.604220,-20.113655,1091.060303,1091.060303,1108.939697,1108.939697
-13.900885,-16.246845,1085.166748,1085.166748,1114.833252,1114.833252
-14.087653,-19.795225,1090.661621,1090.661621,1109.338379,1109.338379
-14.388715,-25.312433,1084.946899,1084.946899,1115.053101,1115.053101
-14.749051,-17.494410,1081.983154,1081.983154,1118.016846,1118.016846
-14.990654,-21.512846,1087.919800,1087.919800,1112.080200,1112.080200
-15.290525,-20.170677,1085.006470,1085.006470,1114.993530,1114.993530
-15.606087,-21.301180,1084.221924,1084.221924,1115.778076,1115.778076
-16.017849,-22.681303,1079.411865,1079.411865,1120.588135,1120.588135
-16.582413,-24.092072,1071.771851,1071.771851,1128.228149,1128.228149
-16.936440,-19.555702,1082.298706,1082.298706,1117.701294,1117.701294
-17.391434,-25.727762,1077.250244,1077.250244,1122.749756,1122.749756
-17.859158,-19.540951,1076.613770,1076.613770,1123.386230,1123.386230
-18.225727,-25.434118,1081.671509,1081.671509,1118.328491,1118.328491
-18.732821,-17.902948,1074.645386,1074.645386,1125.354614,1125.354614
-19.223349,-24.499165,1075.473633,1075.473633,1124.526367,1124.526367
-19.630936,-19.638840,1079.620605,1079.620605,1120.379395,1120.379395
-20.125303,-26.012857,1075.281616,1075.281616,1124.718384,1124.718384
-20.678215,-22.700867,1072.354370,1072.354370,1127.645630,1127.645630
-21.078478,-22.672037,1079.986816,1079.986816,1120.013184,1120.013184
-21.393074,-20.624119,1084.270142,1084.270142,1115.729858,1115.729858
-21.770996,-16.894611,1081.103882,1081.103882,1118.896118,1118.896118
-22.060862,-22.614128,1085.506714,1085.506714,1114.493286,1114.493286
-22.415361,-19.250870,1082.275024,1082.275024,1117.724976,1117.724976
-22.681873,-21.708244,1086.674438,1086.674438,1113.325562,1113.325562
-22.885307,-16.700884,1089.828247,1089.828247,1110.171753,1110.171753
-23.030235,-22.082355,1092.753662,1092.753662,1107.246338,1107.246338
-23.307098,-16.215719,1086.156860,1086.156860,1113.843140,1113.843140
-23.473289,-23.598553,1091.690430,1091.690430,1108.309570,1108.309570
-23.722782,-20.970089,1087.525391,1087.525391,1112.474609,1112.474609
-23.824148,-20.660809,1094.931641,1094.931641,1105.068359,1105.068359
-24.009666,-18.989004,1090.724121,1090.724121,1109.275879,1109.275879
-24.037144,-21.231611,1098.626099,1098.626099,1101.373901,1101.373901
-24.103844,-23.862146,1096.665039,1096.665039,1103.334961,1103.334961
-24.220612,-22.568756,1094.161621,1094.161621,1105.838379,1105.838379
-24.292645,-22.914511,1096.398315,1096.398315,1103.601685,1103.601685
-24.358675,-22.548958,1096.698486,1096.698486,1103.301514,1103.301514
-24.430979,-25.930765,1096.384766,1096.384766,1103.615234,1103.615234
-24.549379,-21.930704,1094.079956,1094.079956,1105.920044,1105.920044
-24.586103,-28.937904,1098.163818,1098.163818,1101.836182,1101.836182
-24.739849,-24.034494,1092.312744,1092.312744,1107.687256,1107.687256
-24.790594,-29.976624,1097.462769,1097.462769,1102.537231,1102.537231
-24.951372,-27.320143,1091.961060,1091.961060,1108.038940,1108.038940
-25.051302,-27.900909,1095.003540,1095.003540,1104.996460,1104.996460
-25.168505,-29.324030,1094.139893,1094.139893,1105.860107,1105.860107
-25.309963,-31.106726,1092.927124,1092.927124,1107.072876,1107.072876
-25.510277,-28.073973,1089.984375,1089.984375,1110.015625,1110.015625
-25.812660,-31.817757,1084.880859,1084.880859,1115.119141,1115.119141
-26.007965,-31.003044,1090.234741,1090.234741,1109.765259,1109.765259
-26.181959,-27.056087,1091.300293,1091.300293,1108.699707,1108.699707
-26.287394,-30.082035,1094.728271,1094.728271,1105.271729,1105.271729
-26.441999,-31.243767,1092.269653,1092.269653,1107.730347,1107.730347
-26.595455,-27.259010,1092.327271,1092.327271,1107.672729,1107.672729
-26.691252,-31.191685,1095.210205,1095.210205,1104.789795,1104.789795
-26.850988,-27.674784,1092.013184,1092.013184,1107.986816,1107.986816
-26.949656,-26.500036,1095.066650,1095.066650,1104.933350,1104.933350
-27.004581,-27.354664,1097.253662,1097.253662,1102.746338,1102.746338
-27.076460,-28.305882,1096.406128,1096.406128,1103.593872,1103.593872
-27.154251,-25.405293,1096.110474,1096.110474,1103.889526,1103.889526
-27.165892,-29.489891,1099.417969,1099.417969,1100.582031,1100.582031
-27.233620,-20.765013,1096.613647,1096.613647,1103.386353,1103.386353
-27.132032,-28.144669,1105.079346,1105.079346,1094.920654,1094.920654
-27.164171,-20.752283,1098.393066,1098.393066,1101.606934,1101.606934
-27.035589,-23.594820,1106.429077,1106.429077,1093.570923,1093.570923
-26.975481,-26.411135,1103.005371,1103.005371,1096.994629,1096.994629
-26.955328,-22.188154,1101.007690,1101.007690,1098.992310,1098.992310
-26.849737,-24.162756,1105.279541,1105.279541,1094.720459,1094.720459
-26.786173,-26.229034,1103.178223,1103.178223,1096.821777,1096.821777
-26.755222,-21.579699,1101.547485,1101.547485,1098.452515,1098.452515
-26.622332,-23.643755,1106.644531,1106.644531,1093.355469,1093.355469
-26.548378,-26.345926,1103.697632,1103.697632,1096.302368,1096.302368
-26.512823,-22.564268,1101.777710,1101.777710,1098.222290,1098.222290
-26.418020,-28.272629,1104.740112,1104.740112,1095.259888,1095.259888
-26.411932,-25.318531,1100.304443,1100.304443,1099.695557,1099.695557
-26.375051,-29.903858,1101.843994,1101.843994,1098.156006,1098.156006
-26.433540,-24.014006,1097.075562,1097.075562,1102.924438,1102.924438
-26.361610,-30.530836,1103.596436,1103.596436,1096.403564,1096.403564
-26.423117,-31.011303,1096.924683,1096.924683,1103.075317,1103.075317
-26.480078,-27.139893,1097.151978,1097.151978,1102.848022,1102.848022
-26.474037,-32.905533,1100.302002,1100.302002,1099.697998,1099.697998
-26.560356,-25.701653,1095.684082,1095.684082,1104.315918,1104.315918
-26.514616,-32.676960,1102.286987,1102.286987,1097.713013,1097.713013
-26.612085,-28.797020,1095.126587,1095.126587,1104.873413,1104.873413
-26.622797,-29.918486,1099.464355,1099.464355,1100.535645,1100.535645
-26.673994,-35.467121,1097.440186,1097.440186,1102.559814,1102.559814
-26.803410,-25.923120,1093.529175,1093.529175,1106.470825,1106.470825
-26.774584,-33.771408,1101.441284,1101.441284,1098.558716,1098.558716
-26.902365,-29.030689,1093.610962,1093.610962,1106.389038,1106.389038
-26.930330,-29.257977,1098.601685,1098.601685,1101.398315,1101.398315
-26.975525,-32.506271,1097.740234,1097.740234,1102.259766,1102.259766
-27.069061,-27.420738,1095.323242,1095.323242,1104.676758,1104.676758
-27.075277,-33.432270,1099.689209,1099.689209,1100.310791,1100.310791
-27.196196,-27.492107,1093.954102,1093.954102,1106.045898,1106.045898
-27.175924,-29.557264,1101.013550,1101.013550,1098.986450,1098.986450
-27.217819,-28.215525,1097.905273,1097.905273,1102.094727,1102.094727
-27.199492,-29.324936,1100.916382,1100.916382,1099.083618,1099.083618
-27.229313,-26.238043,1098.508911,1098.508911,1101.491089,1101.491089
-27.199471,-25.689596,1101.492065,1101.492065,1098.507935,1098.507935
-27.144222,-28.212626,1102.762451,1102.762451,1097.237549,1097.237549
-27.123127,-23.384371,1101.054810,1101.054810,1098.945190,1098.945190
-27.017738,-28.917150,1105.269409,1105.269409,1094.730591,1094.730591
-26.982746,-21.870398,1101.749634,1101.749634,1098.250366,1098.250366
-26.800522,-28.537872,1109.111206,1109.111206,1090.888794,1090.888794
-26.742554,-23.615017,1102.898438,1102.898438,1097.101562,1097.101562
-26.550539,-25.415926,1109.600708,1109.600708,1090.399292,1090.399292
-26.376150,-23.459505,1108.719482,1108.719482,1091.280518,1091.280518
-26.148790,-26.825518,1111.368042,1111.368042,1088.631958,1088.631958
-25.959185,-23.246843,1109.480225,1109.480225,1090.519775,1090.519775
-25.682045,-24.630838,1113.856934,1113.856934,1086.143066,1086.143066
-25.416107,-24.964146,1113.296875,1113.296875,1086.703125,1086.703125
-25.166637,-26.408537,1112.473511,1112.473511,1087.526489,1087.526489
-24.869707,-24.403154,1114.846558,1114.846558,1085.153442,1085.153442
-24.530083,-29.689741,1116.981201,1116.981201,1083.018799,1083.018799
-24.266531,-26.941689,1113.177612,1113.177612,1086.822388,1086.822388
-23.923454,-28.271128,1117.153809,1117.153809,1082.846191,1082.846191
-23.321075,-27.005579,1130.118896,1130.118896,1069.881104,1069.881104
-22.839478,-30.723989,1124.079834,1124.079834,1075.920166,1075.920166
-22.403193,-30.220665,1121.814209,1121.814209,1078.185791,1078.185791
-21.957661,-29.663235,1122.276611,1122.276611,1077.723389,1077.723389
-21.434958,-31.299013,1126.135132,1126.135132,1073.864868,1073.864868
-20.901709,-27.264591,1126.662476,1126.662476,1073.337524,1073.337524
-20.233072,-29.659267,1133.431763,1133.431763,1066.568237,1066.568237
-19.582586,-28.954117,1132.524292,1132.524292,1067.475708,1067.475708
-18.819946,-27.089640,1138.131958,1138.131958,1061.868042,1061.868042
-18.006931,-24.636238,1140.650757,1140.650757,1059.349243,1059.349243
-17.073622,-27.766409,1146.665527,1146.665527,1053.334473,1053.334473
-16.183321,-17.750456,1144.515015,1144.515015,1055.484985,1055.484985
-15.043793,-20.629513,1156.976440,1156.976440,1043.023560,1043.023560
-13.981162,-16.643927,1153.131592,1153.131592,1046.868408,1046.868408
-12.725979,-10.016161,1162.759155,1162.759155,1037.240845,1037.240845
-11.460619,-12.588382,1163.267944,1163.267944,1036.732056,1036.732056
-10.207481,-5.009011,1162.656860,1162.656860,1037.343140,1037.343140
-8.814236,-2.278528,1169.662231,1169.662231,1030.337769,1030.337769
-7.483927,-5.051529,1166.515381,1166.515381,1033.484619,1033.484619
-6.241977,3.018650,1162.097534,1162.097534,1037.902466,1037.902466
-4.588384,6.913836,1182.679688,1182.679688,1017.320312,1017.320312
-3.148659,4.715749,1171.986206,1171.986206,1028.013794,1028.013794
-1.760421,4.483441,1169.411865,1169.411865,1030.588135,1030.588135
-0.424733,12.013841,1166.784424,1166.784424,1033.215576,1033.215576
1.015386,10.290482,1172.005981,1172.005981,1027.994019,1027.994019
2.425998,10.527146,1170.530640,1170.530640,1029.469360,1029.469360
3.737549,11.566409,1165.577515,1165.577515,1034.422485,1034.422485
5.109475,11.263596,1168.596313,1168.596313,1031.403687,1031.403687
6.438818,9.528200,1166.467163,1166.467163,1033.532837,1033.532837
7.714272,15.480705,1163.772705,1163.772705,1036.227295,1036.227295
9.153576,10.238226,1171.965210,1171.965210,1028.034790,1028.034790
10.480848,10.172855,1166.363647,1166.363647,1033.636353,1033.636353
11.818075,9.433577,1166.861328,1166.861328,1033.138672,1033.138672
13.220773,12.692761,1170.134888,1170.134888,1029.865112,1029.865112
14.565247,12.265162,1167.223633,1167.223633,1032.776367,1032.776367
16.011736,12.028080,1172.324463,1172.324463,1027.675537,1027.675537
17.427700,15.516772,1170.798218,1170.798218,1029.201782,1029.201782
18.891548,14.331261,1173.192383,1173.192383,1026.807617,1026.807617
20.235369,15.832048,1167.191040,1167.191040,1032.808960,1032.808960
21.730280,20.156235,1174.745605,1174.745605,1025.254395,1025.254395
23.703220,21.005234,1198.646973,1198.646973,1001.352966,1001.352966
25.151163,24.437204,1172.397095,1172.397095,1027.602905,1027.602905
26.520716,24.160561,1168.477661,1168.477661,1031.522339,1031.522339
27.885248,28.958467,1168.226562,1168.226562,1031.773438,1031.773438
29.171755,27.547180,1164.325317,1164.325317,1035.674683,1035.674683
30.343752,28.967457,1158.599854,1158.599854,1041.400146,1041.400146
31.378771,34.392731,1151.750977,1151.750977,1048.249023,1048.249023
32.366531,37.859760,1149.388062,1149.388062,1050.611938,1050.611938
33.230091,38.232521,1143.177979,1143.177979,1056.822021,1056.822021
33.973511,39.010731,1137.171021,1137.171021,1062.828979,1062.828979
34.590191,34.735477,1130.833984,1130.833984,1069.166016,1069.166016
35.039471,31.033726,1122.463989,1122.463989,1077.536011,1077.536011
35.323215,36.326126,1114.187256,1114.187256,1085.812744,1085.812744
35.673172,42.993492,1117.497803,1117.497803,1082.502197,1082.502197
36.045219,31.710989,1118.602417,1118.602417,1081.397583,1081.397583
36.114597,28.106415,1103.468872,1103.468872,1096.531128,1096.531128
36.085537,41.134415,1098.546997,1098.546997,1101.453003,1101.453003
36.285057,36.061584,1109.975952,1109.975952,1090.024048,1090.024048
36.305138,29.974045,1101.004028,1101.004028,1098.995972,1098.995972
36.189812,39.480831,1094.233643,1094.233643,1105.766357,1105.766357
36.208019,39.264893,1100.910400,1100.910400,1099.089600,1099.089600
36.228477,33.951809,1101.022949,1101.022949,1098.977051,1098.977051
36.128323,39.912735,1094.992310,1094.992310,1105.007690,1105.007690
36.120583,35.174461,1099.613037,1099.613037,1100.386963,1100.386963
36.041645,38.977936,1096.053101,1096.053101,1103.946899,1103.946899
36.032845,36.986858,1099.559937,1099.559937,1100.440063,1100.440063
35.985016,39.298409,1097.608521,1097.608521,1102.391479,1102.391479
36.007351,38.326748,1101.116699,1101.116699,1098.883301,1098.883301
36.027973,40.549026,1101.031128,1101.031128,1098.968872,1098.968872
36.091850,37.873322,1103.193848,1103.193848,1096.806152,1096.806152
36.146202,42.896027,1102.717529,1102.717529,1097.282471,1097.282471
36.303787,39.804615,1107.879272,1107.879272,1092.120728,1092.120728
36.425316,42.232330,1106.076416,1106.076416,1093.923584,1093.923584
36.600822,41.072815,1108.775391,1108.775391,1091.224609,1091.224609
36.773476,42.581432,1108.632690,1108.632690,1091.367310,1091.367310
36.960899,39.292061,1109.371216,1109.371216,1090.628784,1090.628784
37.105541,43.606609,1107.232056,1107.232056,1092.767944,1092.767944
37.349232,39.925537,1112.184570,1112.184570,1087.815430,1087.815430
37.521584,43.677929,1108.617554,1108.617554,1091.382446,1091.382446
37.741055,38.404137,1110.973511,1110.973511,1089.026489,1089.026489
37.885941,39.224178,1107.244263,1107.244263,1092.755737,1092.755737
37.983234,37.917999,1104.864746,1104.864746,1095.135254,1095.135254
38.051414,39.255779,1103.409058,1103.409058,1096.590942,1096.590942
38.120602,37.681606,1103.459351,1103.459351,1096.540649,1096.540649
38.136681,39.204109,1100.803955,1100.803955,1099.196045,1099.196045
38.160000,36.935387,1101.166016,1101.166016,1098.833984,1098.833984
38.112160,36.359447,1097.608032,1097.608032,1102.391968,1102.391968
38.029266,34.651733,1095.855347,1095.855347,1104.144653,1104.144653
37.894890,35.413040,1093.281128,1093.281128,1106.718872,1106.718872
37.744938,36.308521,1092.502441,1092.502441,1107.497559,1107.497559
37.533360,36.489407,1089.421143,1089.421143,1110.578857,1110.578857
37.296223,38.865269,1088.143188,1088.143188,1111.856812,1111.856812
37.157990,31.283785,1093.088379,1093.088379,1106.911621,1106.911621
36.882683,37.460094,1086.234619,1086.234619,1113.765381,1113.765381
36.711575,34.854183,1091.444580,1091.444580,1108.555420,1108.555420
36.501186,32.208374,1089.480591,1089.480591,1110.519409,1110.519409
36.229599,34.718334,1086.420654,1086.420654,1113.579346,1113.579346
36.021252,39.836040,1089.582642,1089.582642,1110.417358,1110.417358
35.818905,32.086884,1089.882690,1089.882690,1110.117310,1110.117310
35.560341,37.599052,1087.071777,1087.071777,1112.928223,1112.928223
35.402275,39.269402,1092.096680,1092.096680,1107.903320,1107.903320
35.285450,35.207146,1094.158691,1094.158691,1105.841309,1105.841309
35.072563,32.709560,1089.355713,1089.355713,1110.644287,1110.644287
34.800484,39.093426,1086.395996,1086.395996,1113.604004,1113.604004
34.670204,39.405285,1093.486084,1093.486084,1106.513916,1106.513916
34.509239,32.417854,1091.951782,1091.951782,1108.048218,1108.048218
34.232517,38.637897,1086.163940,1086.163940,1113.836060,1113.836060
34.079414,36.718758,1092.344849,1092.344849,1107.655151,1107.655151
33.886745,35.025261,1090.366577,1090.366577,1109.633423,1109.633423
33.664207,36.402252,1088.873047,1088.873047,1111.126953,1111.126953
33.422340,39.160870,1087.906616,1087.906616,1112.093384,1112.093384
33.316776,39.652046,1094.721802,1094.721802,1105.278198,1105.278198
33.167610,33.124897,1092.541748,1092.541748,1107.458252,1107.458252
32.925598,37.604877,1087.899414,1087.899414,1112.100586,1112.100586
32.767090,36.353699,1092.074585,1092.074585,1107.925415,1107.925415
32.597263,39.811821,1091.508667,1091.508667,1108.491333,1108.491333
32.489819,34.173523,1094.627808,1094.627808,1105.372192,1105.372192
32.240467,31.355537,1087.532471,1087.532471,1112.467529,1112.467529
31.878511,37.631695,1081.902222,1081.902222,1118.097778,1118.097778
31.705420,31.127600,1091.345459,1091.345459,1108.654541,1108.654541
31.400686,34.532505,1084.763306,1084.763306,1115.236694,1115.236694
31.122604,31.692377,1086.095947,1086.095947,1113.904053,1113.904053
30.783760,33.798424,1083.057739,1083.057739,1116.942261,1116.942261
30.489614,33.619293,1085.292725,1085.292725,1114.707275,1114.707275
30.087891,27.874332,1079.913818,1079.913818,1120.086182,1120.086182
29.603245,32.458576,1075.767700,1075.767700,1124.232300,1124.232300
29.186825,29.662245,1079.178955,1079.178955,1120.821045,1120.821045
28.680836,25.781231,1074.700562,1074.700562,1125.299438,1125.299438
28.113829,28.573908,1071.649658,1071.649658,1128.350342,1128.350342
27.545050,23.057880,1071.561035,1071.561035,1128.438965,1128.438965
26.871143,26.336096,1066.304688,1066.304688,1133.695312,1133.695312
26.248934,21.164957,1068.889526,1068.889526,1131.110474,1131.110474
25.487871,22.071945,1061.946899,1061.946899,1138.053101,1138.053101
24.677582,19.529909,1059.485474,1059.485474,1140.514526,1140.514526
23.894268,21.264915,1060.834351,1060.834351,1139.165649,1139.165649
23.086746,20.719692,1059.623901,1059.623901,1140.376099,1140.376099
22.278730,14.193361,1059.599243,1059.599243,1140.400757,1140.400757
21.434578,19.241554,1057.792358,1057.792358,1142.207642,1142.207642
20.260580,11.216599,1041.300049,1041.300049,1158.699951,1158.699951
19.296234,11.677009,1051.782715,1051.782715,1148.217285,1148.217285
18.329290,15.393060,1051.652832,1051.652832,1148.347168,1148.347168
17.377436,10.905454,1052.407227,1052.407227,1147.592773,1147.592773
16.460939,17.018291,1054.175171,1054.175171,1145.824829,1145.824829
15.636842,15.135365,1058.795166,1058.795166,1141.204834,1141.204834
14.706326,8.283859,1053.474243,1053.474243,1146.525757,1146.525757
13.767963,13.229547,1053.081787,1053.081787,1146.918213,1146.918213
12.889242,14.835534,1056.063965,1056.063965,1143.936035,1143.936035
12.038110,3.592009,1057.443359,1057.443359,1142.556641,1142.556641
11.048837,10.129927,1050.536377,1050.536377,1149.463623,1149.463623
10.147787,19.046635,1054.947510,1054.947510,1145.052490,1145.052490
9.454488,2.309199,1065.335083,1065.335083,1134.664917,1134.664917
8.476829,5.901652,1051.117065,1051.117065,1148.882935,1148.882935
7.583891,18.411907,1055.353149,1055.353149,1144.646851,1144.646851
6.912447,1.931522,1066.427856,1066.427856,1133.572144,1133.572144
5.990870,3.662389,1053.921143,1053.921143,1146.078857,1146.078857
5.107481,12.349192,1055.830566,1055.830566,1144.169434,1144.169434
4.426541,1.906000,1065.953003,1065.953003,1134.046997,1134.046997
3.544924,4.008246,1055.919189,1055.919189,1144.080811,1144.080811
2.584551,7.939908,1051.981323,1051.981323,1148.018677,1148.018677
1.844326,7.169099,1062.988770,1062.988770,1137.011230,1137.011230
1.101398,1.745949,1062.853638,1062.853638,1137.146362,1137.146362
0.247950,1.755511,1057.327637,1057.327637,1142.672363,1142.672363
-0.606203,4.502654,1057.292358,1057.292358,1142.707642,1142.707642
-1.317379,1.311665,1064.441162,1064.441162,1135.558838,1135.558838
-2.166042,-2.099071,1057.566895,1057.566895,1142.433105,1142.433105
-3.104574,3.581359,1053.073364,1053.073364,1146.926636,1146.926636
-3.926583,-1.973495,1058.899536,1058.899536,1141.100464,1141.100464
-4.878125,-9.420374,1052.422974,1052.422974,1147.577026,1147.577026
-5.928514,-1.054672,1047.480591,1047.480591,1152.519409,1152.519409
-6.785460,-7.120051,1057.152710,1057.152710,1142.847290,1142.847290
-7.821852,-13.238728,1048.180420,1048.180420,1151.819580,1151.819580
-8.909120,-3.514801,1045.636597,1045.636597,1154.363403,1154.363403
-9.803608,-12.218459,1055.275635,1055.275635,1144.724365,1144.724365
-10.894069,-21.322371,1045.476929,1045.476929,1154.523071,1154.523071
-12.047544,-8.209694,1042.326172,1042.326172,1157.673828,1157.673828
-12.945287,-16.348951,1055.112915,1055.112915,1144.887085,1144.887085
-13.941458,-24.541800,1050.191406,1050.191406,1149.808594,1149.808594
-15.044211,-12.024686,1044.862305,1044.862305,1155.137695,1155.137695
-16.314110,-18.309473,1036.505127,1036.505127,1163.494873,1163.494873
-17.220116,-22.369846,1054.699707,1054.699707,1145.300293,1145.300293
-18.199942,-37.395706,1051.008667,1051.008667,1148.991333,1148.991333
-19.276915,-13.997678,1046.151367,1046.151367,1153.848633,1153.848633
-19.811333,-14.882798,1073.279053,1073.279053,1126.720947,1126.720947
-20.345652,-38.702724,1073.284058,1073.284058,1126.715942,1126.715942
-21.162580,-18.660017,1059.153564,1059.153564,1140.846436,1140.846436
-21.604002,-25.756506,1077.928955,1077.928955,1122.071045,1122.071045
-22.128098,-38.316872,1073.795166,1073.795166,1126.204834,1126.204834
-22.744699,-12.562996,1069.169922,1069.169922,1130.830078,1130.830078
-22.892681,-20.078840,1092.600952,1092.600952,1107.399048,1107.399048
-23.115398,-39.264580,1088.864136,1088.864136,1111.135864,1111.135864
-23.610363,-5.394200,1075.251709,1075.251709,1124.748291,1124.748291
-23.543900,-34.957539,1103.323120,1103.323120,1096.676880,1096.676880
-23.906591,-17.411430,1081.865356,1081.865356,1118.134644,1118.134644
-23.918268,-7.722224,1099.416138,1099.416138,1100.583862,1100.583862
-23.799181,-43.349754,1105.954346,1105.954346,1094.045654,1094.045654
-24.222366,-14.109421,1078.840698,1078.840698,1121.159302,1121.159302
-24.165680,-22.534105,1102.834351,1102.834351,1097.165649,1097.165649
-24.219055,-26.857195,1097.331299,1097.331299,1102.668701,1102.668701
-24.303589,-16.051268,1095.773315,1095.773315,1104.226685,1104.226685
-24.213097,-23.068497,1104.524658,1104.524658,1095.475342,1095.475342
-24.239523,-27.418762,1098.678711,1098.678711,1101.321289,1101.321289
-24.290236,-25.987883,1097.464355,1097.464355,1102.535645,1102.535645
-24.321022,-21.193495,1098.460693,1098.460693,1101.539307,1101.539307
-24.264524,-27.711243,1102.824829,1102.824829,1097.175171,1097.175171
-24.298149,-23.817202,1098.318726,1098.318726,1101.681274,1101.681274
-24.277248,-23.936390,1101.045044,1101.045044,1098.954956,1098.954956
-24.230640,-28.955959,1102.330444,1102.330444,1097.669556,1097.669556
-24.295210,-22.439381,1096.771484,1096.771484,1103.228516,1103.228516
-24.233023,-28.398279,1103.109375,1103.109375,1096.890625,1096.890625
-24.286444,-27.713230,1097.328979,1097.328979,1102.671021,1102.671021
-24.338032,-26.432842,1097.420654,1097.420654,1102.579346,1102.579346
-24.375061,-29.404654,1098.148560,1098.148560,1101.851440,1101.851440
-24.461838,-24.291086,1095.661133,1095.661133,1104.338867,1104.338867
-24.479359,-30.382532,1099.123901,1099.123901,1100.876099,1100.876099
-24.600285,-23.359585,1093.953735,1093.953735,1106.046265,1106.046265
-24.590952,-29.173931,1100.466675,1100.466675,1099.533325,1099.533325
-24.719822,-29.643681,1093.556519,1093.556519,1106.443481,1106.443481
-24.835108,-22.886930,1094.235718,1094.235718,1105.764282,1105.764282
-24.831512,-29.613998,1100.179810,1100.179810,1099.820190,1099.820190
-24.959686,-26.909096,1093.591309,1093.591309,1106.408691,1106.408691
-25.022484,-26.273598,1096.860107,1096.860107,1103.139893,1103.139893
-25.089144,-23.917103,1096.666992,1096.666992,1103.333008,1103.333008
-25.083965,-25.712429,1100.258911,1100.258911,1099.741089,1099.741089
-25.126497,-26.254763,1097.873413,1097.873413,1102.126587,1102.126587
-25.162865,-21.559755,1098.181641,1098.181641,1101.818359,1101.818359
-25.104631,-24.209246,1102.911621,1102.911621,1097.088379,1097.088379
-25.108181,-25.690132,1099.822510,1099.822510,1100.177490,1100.177490
-25.121363,-23.111454,1099.340942,1099.340942,1100.659058,1100.659058
-25.085957,-24.875139,1101.770264,1101.770264,1098.229736,1098.229736
-25.077230,-23.374500,1100.436279,1100.436279,1099.563721,1099.563721
-25.025417,-20.949677,1102.590698,1102.590698,1097.409302,1097.409302
-24.934574,-25.402260,1104.542114,1104.542114,1095.457886,1095.457886
-24.919851,-20.334160,1100.736084,1100.736084,1099.263916,1099.263916
-24.783176,-24.265020,1106.833740,1106.833740,1093.166260,1093.166260
-24.746706,-23.182184,1101.823486,1101.823486,1098.176514,1098.176514
-24.673775,-19.954609,1103.646606,1103.646606,1096.353394,1096.353394
-24.553427,-26.518890,1106.017456,1106.017456,1093.982544,1093.982544
-24.554955,-21.020365,1099.923584,1099.923584,1100.076416,1100.076416
-24.451206,-27.166143,1105.187378,1105.187378,1094.812622,1094.812622
-24.469963,-22.084232,1099.062134,1099.062134,1100.937866,1100.937866
-24.360811,-21.122517,1105.457642,1105.457642,1094.542358,1094.542358
-24.260674,-26.115713,1105.006836,1105.006836,1094.993164,1094.993164
-24.259142,-24.251516,1100.076538,1100.076538,1099.923462,1099.923462
-24.207767,-26.109310,1102.568726,1102.568726,1097.431274,1097.431274
-24.210566,-25.056923,1099.860107,1099.860107,1100.139893,1100.139893
-24.190605,-25.927034,1100.998047,1100.998047,1099.001953,1099.001953
-24.180304,-28.499733,1100.515137,1100.515137,1099.484863,1099.484863
-24.234674,-26.514277,1097.281494,1097.281494,1102.718506,1102.718506
-24.245197,-27.465115,1099.473877,1099.473877,1100.526123,1100.526123
-24.287153,-29.242476,1097.902222,1097.902222,1102.097778,1102.097778
-24.350874,-25.227327,1096.813965,1096.813965,1103.186035,1103.186035
-24.349049,-30.209898,1100.091309,1100.091309,1099.908691,1099.908691
-24.456057,-25.733477,1094.649658,1094.649658,1105.350342,1105.350342
-24.455851,-28.115601,1100.010254,1100.010254,1099.989746,1099.989746
-24.511028,-27.570057,1097.241089,1097.241089,1102.758911,1102.758911
-24.539608,-25.668264,1098.571045,1098.571045,1101.428955,1101.428955
-24.547752,-31.434278,1099.592773,1099.592773,1100.407227,1100.407227
-24.646276,-24.319962,1095.073853,1095.073853,1104.926147,1104.926147
-24.607319,-28.762558,1101.947876,1101.947876,1098.052124,1098.052124
-24.661585,-26.391945,1097.286743,1097.286743,1102.713257,1102.713257
-24.628151,-24.667545,1101.671753,1101.671753,1098.328247,1098.328247
-24.554066,-27.561047,1103.704224,1103.704224,1096.295776,1096.295776
-24.502981,-22.049053,1102.554199,1102.554199,1097.445801,1097.445801
-24.333012,-28.020269,1108.498535,1108.498535,1091.501465,1091.501465
-24.162237,-24.096958,1108.538696,1108.538696,1091.461304,1091.461304
-23.966698,-27.988918,1109.776978,1109.776978,1090.223022,1090.223022
-23.797596,-22.820187,1108.455078,1108.455078,1091.544922,1091.544922
-23.509275,-23.649448,1114.416016,1114.416016,1085.583984,1085.583984
-23.210472,-24.591713,1114.940186,1114.940186,1085.059814,1085.059814
-22.874699,-21.799664,1116.788696,1116.788696,1083.211304,1083.211304
-22.448540,-27.458218,1121.307983,1121.307983,1078.692017,1078.692017
-22.074839,-27.619625,1118.685059,1118.685059,1081.314941,1081.314941
-21.654285,-24.594215,1121.027710,1121.027710,1078.972290,1078.972290
-21.158314,-29.613941,1124.798584,1124.798584,1075.201416,1075.201416
-20.674526,-24.738222,1124.189331,1124.189331,1075.810669,1075.810669
-20.056469,-25.849295,1130.902832,1130.902832,1069.097168,1069.097168
-19.440531,-26.749514,1130.796875,1130.796875,1069.203125,1069.203125
-18.765326,-16.845768,1133.760254,1133.760254,1066.239746,1066.239746
-17.885933,-22.729988,1143.969604,1143.969604,1056.030396,1056.030396
-17.089914,-17.534025,1139.800903,1139.800903,1060.199097,1060.199097
-16.181923,-16.347908,1145.399536,1145.399536,1054.600464,1054.600464
-15.237043,-18.917238,1147.244019,1147.244019,1052.755981,1052.755981
-14.347537,-12.299631,1144.475342,1144.475342,1055.524658,1055.524658
-13.357336,-13.034421,1149.510010,1149.510010,1050.489990,1050.489990
-12.398352,-13.836271,1147.949219,1147.949219,1052.050781,1052.050781
-11.137375,-11.837546,1163.048828,1163.048828,1036.951172,1036.951172
-10.182074,-7.138104,1147.765015,1147.765015,1052.234985,1052.234985
-9.154254,-3.639227,1151.390991,1151.390991,1048.609009,1048.609009
-7.931283,-7.004478,1161.148560,1161.148560,1038.851440,1038.851440
-6.996154,-4.563923,1146.756470,1146.756470,1053.243530,1053.243530
-6.019890,-1.613135,1148.813232,1148.813232,1051.186768,1051.186768
-5.027740,-7.423064,1149.607544,1149.607544,1050.392456,1050.392456
-4.164847,-3.338370,1143.144653,1143.144653,1056.855347,1056.855347
-3.225729,-2.029730,1146.955933,1146.955933,1053.044067,1053.044067
-2.301045,-6.268366,1146.234131,1146.234131,1053.765869,1053.765869
-1.424461,5.299166,1143.829224,1143.829224,1056.170776,1056.170776
-0.324288,-2.125213,1155.008667,1155.008667,1044.991333,1044.991333
0.566690,-5.662185,1144.548950,1144.548950,1055.451050,1055.451050
1.446097,4.991798,1143.970337,1143.970337,1056.029663,1056.029663
2.476587,-2.368519,1151.524414,1151.524414,1048.475586,1048.475586
3.377057,1.478680,1145.023560,1145.023560,1054.976440,1054.976440
4.356034,6.384535,1148.948853,1148.948853,1051.051147,1051.051147
5.418650,1.072493,1153.130859,1153.130859,1046.869141,1046.869141
6.347557,10.294546,1146.445312,1146.445312,1053.554688,1053.554688
7.400320,9.381015,1152.638184,1152.638184,1047.361816,1047.361816
8.367849,4.219424,1148.376465,1148.376465,1051.623535,1051.623535
9.216470,16.194265,1142.431030,1142.431030,1057.568970,1057.568970
10.594913,15.094842,1168.922241,1168.922241,1031.077759,1031.077759
11.522322,11.014369,1146.370361,1146.370361,1053.629639,1053.629639
12.349429,17.156549,1141.355347,1141.355347,1058.644653,1058.644653
13.258918,19.085739,1145.474487,1145.474487,1054.525513,1054.525513
14.138680,13.456390,1143.988037,1143.988037,1056.011963,1056.011963
14.835044,20.157579,1134.818237,1134.818237,1065.181763,1065.181763
15.645711,18.873158,1140.533325,1140.533325,1059.466675,1059.466675
16.364769,17.111454,1135.952881,1135.952881,1064.047119,1064.047119
17.158569,19.312199,1139.690063,1139.690063,1060.309937,1060.309937
17.861937,19.469316,1135.168335,1135.168335,1064.831665,1064.831665
18.542603,17.759342,1134.033325,1134.033325,1065.966675,1065.966675
19.186169,21.849701,1132.178345,1132.178345,1067.821655,1067.821655
19.813715,20.522537,1131.377319,1131.377319,1068.622681,1068.622681
20.433838,20.630892,1131.006104,1131.006104,1068.993896,1068.993896
21.063911,25.035255,1131.503662,1131.503662,1068.496338,1068.496338
21.707901,20.170601,1132.199463,1132.199463,1067.800537,1067.800537
22.268978,22.863621,1128.053833,1128.053833,1071.946167,1071.946167
22.825674,24.904432,1127.834839,1127.834839,1072.165161,1072.165161
23.423431,17.485197,1129.887817,1129.887817,1070.112183,1070.112183
23.846199,31.339462,1121.138428,1121.138428,1078.861572,1078.861572
24.508253,24.353148,1133.102661,1133.102661,1066.897339,1066.897339
25.146130,25.057951,1131.893799,1131.893799,1068.106201,1068.106201
25.549551,29.718107,1120.171021,1120.171021,1079.828979,1079.828979
25.960278,32.708649,1120.536377,1120.536377,1079.463623,1079.463623
26.357903,26.052427,1119.881226,1119.881226,1080.118774,1080.118774
26.581680,30.291775,1111.188843,1111.188843,1088.811157,1088.811157
26.848602,29.886295,1113.346069,1113.346069,1086.653931,1086.653931
27.071472,23.144297,1111.143555,1111.143555,1088.856445,1088.856445
27.128679,33.842030,1102.860352,1102.860352,1097.139648,1097.139648
27.374220,25.947069,1112.276978,1112.276978,1087.723022,1087.723022
27.432234,29.331980,1102.900635,1102.900635,1097.099365,1097.099365
27.528385,28.359924,1104.807617,1104.807617,1095.192383,1095.192383
27.587214,26.062717,1102.941406,1102.941406,1097.058594,1097.058594
27.579155,28.991390,1099.597046,1099.597046,1100.402954,1100.402954
27.608353,27.581745,1101.459839,1101.459839,1098.540161,1098.540161
27.604832,25.838461,1099.823975,1099.823975,1100.176025,1100.176025
27.559019,28.677467,1097.709351,1097.709351,1102.290649,1102.290649
27.546150,25.809170,1099.356567,1099.356567,1100.643433,1100.643433
27.473135,27.579002,1096.349243,1096.349243,1103.650757,1103.650757
27.447340,28.258205,1098.710205,1098.710205,1101.289795,1101.289795
27.420773,25.047819,1098.671631,1098.671631,1101.328369,1101.328369
27.328039,26.677410,1095.363281,1095.363281,1104.636719,1104.636719
27.284534,33.582958,1097.824707,1097.824707,1102.175293,1102.175293
27.355618,22.530155,1103.554199,1103.554199,1096.445801,1096.445801
27.199505,27.759298,1092.194336,1092.194336,1107.805664,1107.805664
27.161573,29.509699,1098.103394,1098.103394,1101.896606,1101.896606
27.167892,26.191175,1100.315918,1100.315918,1099.684082,1099.684082
27.076132,25.773684,1095.411987,1095.411987,1104.588013,1104.588013
26.996433,29.722069,1096.015015,1096.015015,1103.984985,1103.984985
26.974575,23.672148,1098.907104,1098.907104,1101.092896,1101.092896
26.826014,30.144749,1092.571899,1092.571899,1107.428101,1107.428101
26.824867,28.138149,1099.942627,1099.942627,1100.057373,1100.057373
26.734383,29.878693,1095.475830,1095.475830,1104.524170,1104.524170
26.704609,27.808210,1098.511353,1098.511353,1101.488647,1101.488647
26.614433,23.846270,1095.491211,1095.491211,1104.508789,1104.508789
26.450825,28.757576,1091.819580,1091.819580,1108.180420,1108.180420
26.384829,27.146374,1096.700195,1096.700195,1103.299805,1103.299805
26.282959,27.897018,1094.906494,1094.906494,1105.093506,1105.093506
26.191580,26.147360,1095.431030,1095.431030,1104.568970,1104.568970
26.061224,25.498266,1093.482178,1093.482178,1106.517822,1106.517822
25.926760,26.759754,1093.276733,1093.276733,1106.723267,1106.723267
25.814611,26.336775,1094.392578,1094.392578,1105.607422,1105.607422
25.690252,27.088503,1093.781982,1093.781982,1106.218018,1106.218018
25.600262,27.095680,1095.500488,1095.500488,1104.499512,1104.499512
25.527925,24.756374,1096.383179,1096.383179,1103.616821,1103.616821
25.378935,26.915394,1092.550415,1092.550415,1107.449585,1107.449585
25.326906,25.404202,1097.398560,1097.398560,1102.601440,1102.601440
25.259481,25.514116,1096.628784,1096.628784,1103.371216,1103.371216
25.186682,26.639551,1096.359985,1096.359985,1103.640015,1103.640015
25.169779,24.985029,1099.154907,1099.154907,1100.845093,1100.845093
25.120543,27.518709,1097.538208,1097.538208,1102.461792,1102.461792
25.128447,22.770233,1100.395264,1100.395264,1099.604736,1099.604736
25.040260,28.193613,1095.590698,1095.590698,1104.409302,1104.409302
25.073288,25.119987,1101.651367,1101.651367,1098.348633,1098.348633
25.014757,27.893791,1097.073486,1097.073486,1102.926514,1102.926514
24.999834,26.124384,1099.253906,1099.253906,1100.746094,1100.746094
24.907877,26.304840,1095.402100,1095.402100,1104.597900,1104.597900
24.781115,32.459446,1093.661865,1093.661865,1106.338135,1106.338135
24.718096,27.601791,1096.849121,1096.849121,1103.150879,1103.150879
24.485903,34.389362,1088.390381,1088.390381,1111.609619,1111.609619
24.340179,29.459360,1092.713867,1092.713867,1107.286133,1107.286133
24.006077,33.955097,1083.294922,1083.294922,1116.705078,1116.705078
23.684303,35.753448,1083.911377,1083.911377,1116.088623,1116.088623
23.319681,30.472254,1081.768921,1081.768921,1118.231079,1118.231079
22.744108,36.582798,1071.221313,1071.221313,1128.778687,1128.778687
22.198797,37.140728,1072.734497,1072.734497,1127.265503,1127.265503
21.344765,36.074623,1057.298340,1057.298340,1142.701660,1142.701660
20.503817,29.136484,1057.952637,1057.952637,1142.047363,1142.047363
19.402559,32.073299,1044.937134,1044.937134,1155.062866,1155.062866
18.480247,24.637718,1053.884399,1053.884399,1146.115601,1146.115601
17.363678,25.728075,1044.171509,1044.171509,1155.828491,1155.828491
16.138277,20.775774,1038.729980,1038.729980,1161.270020,1161.270020
14.817716,18.360397,1033.971924,1033.971924,1166.028076,1166.028076
13.397717,17.353848,1029.000122,1029.000122,1170.999878,1170.999878
11.949235,12.699470,1027.575928,1027.575928,1172.424072,1172.424072
10.392251,14.465740,1022.150818,1022.150818,1177.849243,1177.849243
8.901712,6.578576,1025.473022,1025.473022,1174.526978,1174.526978
7.150892,-0.439463,1012.458984,1012.458984,1187.541016,1187.541016
5.404317,2.980043,1012.671265,1012.671265,1187.328735,1187.328735
3.706753,-8.465809,1015.121826,1015.121826,1184.878174,1184.878174
1.835303,-10.791972,1006.427490,1006.427490,1193.572510,1193.572510
-0.211187,-14.313067,997.675476,997.675476,1202.324463,1202.324463
-2.194217,-17.321352,1000.848511,1000.848511,1199.151489,1199.151489
-4.094887,-16.396738,1004.966492,1004.966492,1195.033447,1195.033447
-5.932492,-22.693939,1008.119751,1008.119751,1191.880249,1191.880249
-7.880700,-28.476475,1002.589600,1002.589600,1197.410400,1197.410400
-10.495210,-30.665545,969.274536,969.274536,1230.725464,1230.725464
-12.472895,-29.472559,1001.115723,1001.115723,1198.884277,1198.884277
-14.324585,-29.887051,1007.415466,1007.415466,1192.584473,1192.584473
-16.085238,-36.760212,1011.967407,1011.967407,1188.032593,1188.032593
-17.946039,-39.776165,1006.959900,1006.959900,1193.040039,1193.040039
-19.777765,-44.426155,1008.413696,1008.413696,1191.586304,1191.586304
-21.579086,-36.991234,1009.933960,1009.933960,1190.066040,1190.066040
-23.065481,-20.198080,1025.680298,1025.680298,1174.319702,1174.319702
-24.119104,-8.230780,1047.318848,1047.318848,1152.681152,1152.681152
-24.763416,5.376953,1067.784424,1067.784424,1132.215576,1132.215576
-25.043407,-19.964701,1086.000488,1086.000488,1113.999512,1113.999512
-25.868898,-37.457645,1058.725464,1058.725464,1141.274536,1141.274536
-26.971031,-38.170609,1044.893311,1044.893311,1155.106689,1155.106689
-27.946945,-28.563517,1051.204346,1051.204346,1148.795654,1148.795654
-28.670097,-25.273201,1063.842407,1063.842407,1136.157593,1136.157593
-29.213585,-30.102152,1072.825684,1072.825684,1127.174316,1127.174316
-29.735836,-27.126617,1073.887451,1073.887451,1126.112549,1126.112549
-30.157196,-23.935867,1078.932007,1078.932007,1121.067993,1121.067993
-30.420355,-25.482294,1086.842041,1086.842041,1113.157959,1113.157959
-30.615137,-23.922213,1090.260864,1090.260864,1109.739136,1109.739136
-30.793259,-14.917559,1091.093872,1091.093872,1108.906128,1108.906128
-30.585318,-18.006647,1110.397095,1110.397095,1089.602905,1089.602905
-30.481350,-34.206753,1105.198364,1105.198364,1094.801636,1094.801636
-30.616280,-45.217018,1093.253540,1093.253540,1106.746460,1106.746460
-30.810688,-13.678303,1090.279541,1090.279541,1109.720459,1109.720459
-30.458622,-37.616066,1117.603271,1117.603271,1082.396729,1082.396729
-30.504663,-37.554600,1097.697876,1097.697876,1102.302124,1102.302124
-30.457645,-25.177843,1102.350952,1102.350952,1097.649048,1097.649048
-30.244289,-37.655647,1110.667847,1110.667847,1089.332153,1089.332153
-30.227758,-39.397190,1100.826538,1100.826538,1099.173462,1099.173462
-30.225332,-31.775785,1100.121338,1100.121338,1099.878662,1099.878662
-30.106642,-39.217667,1105.934570,1105.934570,1094.065430,1094.065430
-30.160585,-43.185833,1097.302856,1097.302856,1102.697144,1102.697144
-30.311430,-37.885166,1092.457764,1092.457764,1107.542236,1107.542236
-30.411158,-39.221970,1095.013672,1095.013672,1104.986328,1104.986328
-30.595596,-46.794647,1090.778076,1090.778076,1109.221924,1109.221924
-30.927828,-39.100765,1083.388428,1083.388428,1116.611572,1116.611572
-31.161377,-43.884972,1088.322510,1088.322510,1111.677490,1111.677490
-31.506729,-41.419319,1082.732422,1082.732422,1117.267578,1117.267578
-31.824713,-42.190159,1084.100830,1084.100830,1115.899170,1115.899170
-32.235626,-38.573555,1079.454346,1079.454346,1120.545654,1120.545654
-32.541203,-38.857689,1084.721191,1084.721191,1115.278809,1115.278809
-32.872066,-42.379524,1083.456787,1083.456787,1116.543213,1116.543213
-33.244862,-35.920498,1081.360229,1081.360229,1118.639771,1118.639771
-33.469479,-31.384583,1088.769165,1088.769165,1111.230835,1111.230835
-33.603603,-36.848396,1093.293701,1093.293701,1106.706299,1106.706299
-33.802822,-29.388937,1090.039062,1090.039062,1109.960938,1109.960938
-33.814850,-29.861698,1099.398560,1099.398560,1100.601440,1100.601440
-33.834915,-31.978327,1098.996704,1098.996704,1101.003296,1101.003296
-33.844254,-24.771700,1099.533081,1099.533081,1100.466919,1100.466919
-33.683353,-27.752710,1108.045044,1108.045044,1091.954956,1091.954956
-33.569775,-26.913490,1105.678955,1105.678955,1094.321045,1094.321045
-33.409355,-25.527386,1108.020996,1108.020996,1091.979004,1091.979004
-33.213104,-27.497549,1109.812500,1109.812500,1090.187500,1090.187500
-33.036148,-22.962194,1108.847778,1108.847778,1091.152222,1091.152222
-32.766956,-27.194183,1113.459595,1113.459595,1086.540405,1086.540405
-32.566956,-22.873360,1110.000000,1110.000000,1090.000000,1090.000000
-32.283875,-27.408735,1114.154053,1114.154053,1085.845947,1085.845947
-32.120167,-24.014423,1108.185425,1108.185425,1091.814575,1091.814575
-31.846733,-24.143988,1113.671631,1113.671631,1086.328369,1086.328369
-31.571224,-29.940462,1113.775391,1113.775391,1086.224609,1086.224609
-31.423527,-26.018795,1107.384888,1107.384888,1092.615112,1092.615112
-31.220798,-29.307993,1110.136475,1110.136475,1089.863525,1089.863525
-31.057007,-27.187820,1108.189575,1108.189575,1091.810425,1091.810425
-30.906145,-34.200806,1107.543091,1107.543091,1092.456909,1092.456909
-30.850813,-26.148726,1102.766602,1102.766602,1097.233398,1097.233398
-30.679787,-36.796532,1108.551270,1108.551270,1091.448730,1091.448730
-30.713726,-29.186171,1098.302979,1098.302979,1101.697021,1101.697021
-30.604330,-36.687653,1105.469849,1105.469849,1094.530151,1094.530151
-30.654819,-32.779243,1097.475586,1097.475586,1102.524414,1102.524414
-30.622442,-36.133904,1101.618896,1101.618896,1098.381104,1098.381104
-30.671930,-36.646683,1097.525635,1097.525635,1102.474365,1102.474365
-30.733263,-33.571529,1096.933350,1096.933350,1103.066650,1103.066650
-30.724012,-34.664764,1100.462524,1100.462524,1099.537476,1099.537476
-30.763700,-34.809586,1098.015625,1098.015625,1101.984375,1101.984375
-30.781956,-32.146660,1099.087280,1099.087280,1100.912720,1100.912720
-30.771585,-36.588215,1100.518555,1100.518555,1099.481445,1099.481445
-30.820673,-28.503094,1097.545654,1097.545654,1102.454346,1102.454346
-30.719576,-33.842819,1105.054810,1105.054810,1094.945190,1094.945190
-30.709852,-29.629330,1100.486206,1100.486206,1099.513794,1099.513794
-30.575064,-33.374416,1106.739380,1106.739380,1093.260620,1093.260620
-30.536221,-29.788843,1101.942139,1101.942139,1098.057861,1098.057861
-30.393681,-28.939041,1107.126953,1107.126953,1092.873047,1092.873047
-30.223793,-31.896358,1108.494385,1108.494385,1091.505615,1091.505615
-30.066435,-29.440985,1107.867920,1107.867920,1092.132080,1092.132080
-29.849918,-32.944569,1110.825806,1110.825806,1089.174194,1089.174194
-29.625168,-29.201342,1111.237549,1111.237549,1088.762451,1088.762451
-29.290611,-30.578642,1116.727783,1116.727783,1083.272217,1083.272217
-28.950710,-33.436142,1116.994995,1116.994995,1083.005005,1083.005005
-28.587204,-24.041792,1118.175293,1118.175293,1081.824707,1081.824707
-27.998745,-35.532398,1129.422974,1129.422974,1070.577026,1070.577026
-27.546167,-27.317230,1122.628906,1122.628906,1077.371094,1077.371094
-26.901316,-34.305187,1132.242554,1132.242554,1067.757446,1067.757446
-26.280863,-29.899967,1131.022705,1131.022705,1068.977295,1068.977295
-25.503475,-30.426287,1138.869385,1138.869385,1061.130615,1061.130615
-24.652992,-35.365681,1142.524170,1142.524170,1057.475830,1057.475830
-23.786585,-28.945795,1143.320312,1143.320312,1056.679688,1056.679688
-22.709496,-30.375740,1153.854492,1153.854492,1046.145508,1046.145508
-21.610739,-32.601913,1154.937866,1154.937866,1045.062134,1045.062134
-20.380636,-25.498146,1161.505127,1161.505127,1038.494873,1038.494873
-18.308407,-28.614750,1203.611450,1203.611450,996.388550,996.388550
-16.826786,-24.367125,1174.081055,1174.081055,1025.918945,1025.918945
-15.137306,-22.099337,1184.473999,1184.473999,1015.526001,1015.526001
-13.405648,-13.266891,1186.582886,1186.582886,1013.417114,1013.417114
-11.442820,-18.297653,1198.141479,1198.141479,1001.858582,1001.858582
-9.765340,-12.918321,1183.874023,1183.874023,1016.126038,1016.126038
-7.512654,-5.750940,1212.634277,1212.634277,987.365723,987.365723
-5.448772,-3.943415,1203.194092,1203.194092,996.805908,996.805908
-3.147225,-3.847155,1215.077393,1215.077393,984.922607,984.922607
-1.063926,3.108266,1204.164917,1204.164917,995.835083,995.835083
1.207439,5.776237,1213.568237,1213.568237,986.431763,986.431763
3.487849,3.926037,1214.020508,1214.020508,985.979492,985.979492
5.634706,11.858963,1207.342773,1207.342773,992.657166,992.657166
7.843091,17.798117,1210.419189,1210.419189,989.580750,989.580750
10.131061,18.313284,1214.398560,1214.398560,985.601501,985.601501
12.273312,20.512299,1207.112549,1207.112549,992.887451,992.887451
14.457150,24.841213,1209.191895,1209.191895,990.808044,990.808044
16.517103,23.441444,1202.997681,1202.997681,997.002380,997.002380
18.472736,31.159224,1197.781616,1197.781616,1002.218323,1002.218323
20.406443,30.449337,1196.685303,1196.685303,1003.314697,1003.314697